<?xml version="1.0" encoding="UTF-8"?>
<project-private xmlns="http://www.netbeans.org/ns/project-private/1">
    <editor-bookmarks xmlns="http://www.netbeans.org/ns/editor-bookmarks/2" lastBookmarkId="0"/>
    <open-files xmlns="http://www.netbeans.org/ns/projectui-open-files/2">
        <group>
            <file>file:/D:/AppServ/www/oneshop/Public/css/main.css</file>
            <file>file:/D:/AppServ/www/oneshop/Application/Admin/View/Common/base.html</file>
            <file>file:/D:/AppServ/www/oneshop/Application/Admin/Controller/ArtacleController.class.php</file>
            <file>file:/D:/AppServ/www/oneshop/Application/Admin/View/Artacle/index.html</file>
        </group>
    </open-files>
</project-private>
